"CountyName","SiteName","Count","Date","Accepted"
"Bryan","1","830","2007-04-03 00:00:00.000","1"
"Bryan","1","653","2007-08-06 00:00:00.000","1"
"Bryan","1","917","2007-12-11 00:00:00.000","1"
"Bryan","1","579","2010-04-19 00:00:00.000","1"
"Bryan","1","584","2010-08-02 00:00:00.000","1"
"Bryan","1","852","2013-02-04 00:00:00.000","1"
"Bryan","1","981","2013-07-23 00:00:00.000","1"
"Bryan","1","964","2013-11-19 00:00:00.000","1"
"Bryan","10","1806","2007-04-03 00:00:00.000","1"
"Bryan","10","1400","2007-08-07 00:00:00.000","1"
"Bryan","10","637","2007-12-12 00:00:00.000","-1"
"Bryan","10","1346","2010-04-19 00:00:00.000","1"
"Bryan","10","1442","2010-08-02 00:00:00.000","1"
"Bryan","10","1403","2013-02-04 00:00:00.000","1"
"Bryan","10","1850","2013-07-23 00:00:00.000","1"
"Bryan","10","2174","2013-11-19 00:00:00.000","1"
"Bryan","11","1062","2007-04-03 00:00:00.000","1"
"Bryan","11","801","2007-08-07 00:00:00.000","1"
"Bryan","11","1309","2007-12-12 00:00:00.000","1"
"Bryan","11","852","2010-04-19 00:00:00.000","1"
"Bryan","11","773","2010-08-02 00:00:00.000","1"
"Bryan","11","788","2013-02-04 00:00:00.000","1"
"Bryan","11","844","2013-07-23 00:00:00.000","1"
"Bryan","11","810","2013-11-19 00:00:00.000","1"
"Bryan","12","1651","2007-04-03 00:00:00.000","1"
"Bryan","12","1438","2007-08-07 00:00:00.000","1"
"Bryan","12","1432","2007-12-12 00:00:00.000","1"
"Bryan","12","1496","2010-04-19 00:00:00.000","1"
"Bryan","12","1471","2010-08-02 00:00:00.000","1"
"Bryan","12","1371","2013-02-04 00:00:00.000","1"
"Bryan","12","1462","2013-07-23 00:00:00.000","1"
"Bryan","12","1865","2013-11-19 00:00:00.000","1"
"Bryan","129","56","2008-03-26 00:00:00.000","1"
"Bryan","129","99","2010-06-02 00:00:00.000","1"
"Bryan","13","1652","2007-04-03 00:00:00.000","1"
"Bryan","13","1423","2007-08-06 00:00:00.000","1"
"Bryan","13","1597","2007-12-11 00:00:00.000","1"
"Bryan","13","1450","2010-04-19 00:00:00.000","1"
"Bryan","13","1482","2010-08-02 00:00:00.000","1"
"Bryan","13","1028","2013-02-04 00:00:00.000","1"
"Bryan","13","1512","2013-07-23 00:00:00.000","1"
"Bryan","13","1994","2013-11-19 00:00:00.000","1"
"Bryan","14","2970","2007-04-03 00:00:00.000","1"
"Bryan","14","2665","2007-08-06 00:00:00.000","1"
"Bryan","14","2864","2007-12-11 00:00:00.000","1"
"Bryan","14","2733","2010-04-19 00:00:00.000","1"
"Bryan","14","2951","2010-08-02 00:00:00.000","1"
"Bryan","14","2734","2013-02-04 00:00:00.000","1"
"Bryan","14","3174","2013-07-23 00:00:00.000","1"
"Bryan","14","0","2013-11-19 00:00:00.000","-1"
"Bryan","140","763","2008-03-25 00:00:00.000","1"
"Bryan","140","864","2010-05-24 00:00:00.000","1"
"Bryan","15","4793","2007-04-03 00:00:00.000","1"
"Bryan","15","4672","2007-08-06 00:00:00.000","1"
"Bryan","15","4693","2007-12-11 00:00:00.000","1"
"Bryan","15","4335","2010-04-19 00:00:00.000","1"
"Bryan","15","4844","2010-08-02 00:00:00.000","1"
"Bryan","15","4250","2013-02-04 00:00:00.000","1"
"Bryan","15","4873","2013-07-03 00:00:00.000","1"
"Bryan","15","2445","2013-11-19 00:00:00.000","-1"
"Bryan","16","16897","2007-04-02 00:00:00.000","-1"
"Bryan","16","10260","2007-08-06 00:00:00.000","1"
"Bryan","16","9213","2007-12-11 00:00:00.000","1"
"Bryan","16","10385","2010-04-19 00:00:00.000","1"
"Bryan","16","10459","2010-08-02 00:00:00.000","1"
"Bryan","16","9962","2013-02-04 00:00:00.000","1"
"Bryan","16","10751","2013-07-22 00:00:00.000","1"
"Bryan","16","10257","2013-11-18 00:00:00.000","1"
"Bryan","17","16958","2007-04-02 00:00:00.000","1"
"Bryan","17","14698","2007-08-06 00:00:00.000","1"
"Bryan","17","13244","2007-12-11 00:00:00.000","1"
"Bryan","17","14927","2010-04-19 00:00:00.000","1"
"Bryan","17","15570","2010-08-02 00:00:00.000","1"
"Bryan","17","13635","2010-08-16 00:00:00.000","1"
"Bryan","17","13236","2013-02-04 00:00:00.000","1"
"Bryan","17","14252","2013-07-22 00:00:00.000","1"
"Bryan","17","12536","2013-11-18 00:00:00.000","1"
"Bryan","18","25262","2007-04-02 00:00:00.000","1"
"Bryan","18","27122","2007-08-06 00:00:00.000","1"
"Bryan","18","23221","2007-12-11 00:00:00.000","1"
"Bryan","18","26659","2010-04-19 00:00:00.000","1"
"Bryan","18","27981","2010-08-02 00:00:00.000","1"
"Bryan","18","24603","2013-02-04 00:00:00.000","1"
"Bryan","18","29725","2013-07-23 00:00:00.000","1"
"Bryan","18","27217","2013-11-21 00:00:00.000","1"
"Bryan","19","24547","2007-04-02 00:00:00.000","1"
"Bryan","19","26380","2007-08-06 00:00:00.000","1"
"Bryan","19","21740","2007-12-11 00:00:00.000","1"
"Bryan","19","24443","2010-04-19 00:00:00.000","1"
"Bryan","19","25160","2010-08-02 00:00:00.000","1"
"Bryan","19","20869","2013-02-04 00:00:00.000","1"
"Bryan","19","28683","2013-07-23 00:00:00.000","1"
"Bryan","19","28318","2013-11-21 00:00:00.000","1"
"Bryan","2","3113","2007-04-03 00:00:00.000","1"
"Bryan","2","2780","2007-08-06 00:00:00.000","1"
"Bryan","2","3148","2007-12-11 00:00:00.000","1"
"Bryan","2","3691","2010-04-19 00:00:00.000","1"
"Bryan","2","3114","2010-08-02 00:00:00.000","1"
"Bryan","2","3163","2013-02-04 00:00:00.000","1"
"Bryan","2","3693","2013-07-23 00:00:00.000","1"
"Bryan","2","2876","2013-11-19 00:00:00.000","1"
"Bryan","20","9131","2007-04-03 00:00:00.000","1"
"Bryan","20","8073","2007-08-07 00:00:00.000","1"
"Bryan","20","7307","2007-12-12 00:00:00.000","1"
"Bryan","20","8779","2010-04-21 00:00:00.000","1"
"Bryan","20","6411","2010-08-02 00:00:00.000","1"
"Bryan","20","9241","2010-08-25 00:00:00.000","1"
"Bryan","20","8166","2013-02-04 00:00:00.000","1"
"Bryan","20","6398","2013-07-23 00:00:00.000","1"
"Bryan","20","8541","2013-11-18 00:00:00.000","1"
"Bryan","20","30274","2013-11-21 00:00:00.000","-1"
"Bryan","21","8088","2007-04-03 00:00:00.000","1"
"Bryan","21","7354","2007-08-08 00:00:00.000","1"
"Bryan","21","6725","2007-12-12 00:00:00.000","1"
"Bryan","21","8002","2010-04-21 00:00:00.000","1"
"Bryan","21","7553","2010-08-04 00:00:00.000","1"
"Bryan","21","6955","2010-08-23 00:00:00.000","1"
"Bryan","21","7053","2013-02-04 00:00:00.000","1"
"Bryan","21","6930","2013-07-22 00:00:00.000","1"
"Bryan","21","7573","2013-11-18 00:00:00.000","1"
"Bryan","22","5474","2007-04-03 00:00:00.000","1"
"Bryan","22","4967","2007-08-08 00:00:00.000","1"
"Bryan","22","4579","2007-12-12 00:00:00.000","1"
"Bryan","22","5532","2010-04-21 00:00:00.000","1"
"Bryan","22","8127","2010-08-04 00:00:00.000","1"
"Bryan","22","4959","2013-02-04 00:00:00.000","1"
"Bryan","22","4970","2013-07-22 00:00:00.000","1"
"Bryan","22","4921","2013-11-18 00:00:00.000","1"
"Bryan","23","30408","2007-04-04 00:00:00.000","1"
"Bryan","23","32188","2007-08-07 00:00:00.000","1"
"Bryan","23","25549","2007-12-12 00:00:00.000","1"
"Bryan","23","33130","2010-04-21 00:00:00.000","1"
"Bryan","23","32707","2010-08-02 00:00:00.000","1"
"Bryan","23","34923","2010-08-18 00:00:00.000","1"
"Bryan","23","34000","2013-02-06 00:00:00.000","1"
"Bryan","23","34071","2013-07-22 00:00:00.000","1"
"Bryan","23","31748","2013-11-18 00:00:00.000","1"
"Bryan","24","10097","2007-04-04 00:00:00.000","1"
"Bryan","24","7957","2007-08-07 00:00:00.000","1"
"Bryan","24","7185","2007-12-12 00:00:00.000","1"
"Bryan","24","8323","2010-04-21 00:00:00.000","1"
"Bryan","24","8162","2010-08-04 00:00:00.000","1"
"Bryan","24","7875","2010-08-18 00:00:00.000","1"
"Bryan","24","4566","2013-02-06 00:00:00.000","1"
"Bryan","24","6128","2013-07-22 00:00:00.000","1"
"Bryan","24","6037","2013-11-18 00:00:00.000","1"
"Bryan","25","38897","2007-04-04 00:00:00.000","1"
"Bryan","25","34796","2007-08-07 00:00:00.000","1"
"Bryan","25","0","2007-12-12 00:00:00.000","-1"
"Bryan","25","38831","2010-04-21 00:00:00.000","1"
"Bryan","25","41504","2010-08-04 00:00:00.000","1"
"Bryan","25","41705","2010-08-18 00:00:00.000","1"
"Bryan","25","39656","2013-02-06 00:00:00.000","1"
"Bryan","25","34988","2013-07-22 00:00:00.000","1"
"Bryan","25","32787","2013-11-18 00:00:00.000","1"
"Bryan","26","3387","2007-04-03 00:00:00.000","1"
"Bryan","26","4105","2007-08-08 00:00:00.000","1"
"Bryan","26","3448","2007-12-12 00:00:00.000","1"
"Bryan","26","4176","2010-04-21 00:00:00.000","1"
"Bryan","26","3586","2010-08-04 00:00:00.000","1"
"Bryan","26","3629","2010-08-23 00:00:00.000","1"
"Bryan","26","4032","2013-02-04 00:00:00.000","1"
"Bryan","26","3761","2013-07-22 00:00:00.000","1"
"Bryan","26","3688","2013-11-18 00:00:00.000","1"
"Bryan","27","3575","2007-04-04 00:00:00.000","1"
"Bryan","27","3375","2007-08-08 00:00:00.000","1"
"Bryan","27","3620","2010-04-21 00:00:00.000","1"
"Bryan","27","3539","2010-08-04 00:00:00.000","1"
"Bryan","27","3553","2010-08-18 00:00:00.000","1"
"Bryan","27","3531","2013-02-06 00:00:00.000","1"
"Bryan","27","3393","2013-07-22 00:00:00.000","1"
"Bryan","27","3957","2013-11-18 00:00:00.000","1"
"Bryan","29","1849","2007-04-04 00:00:00.000","1"
"Bryan","29","1925","2007-08-08 00:00:00.000","1"
"Bryan","29","1876","2010-04-21 00:00:00.000","1"
"Bryan","29","2046","2010-08-04 00:00:00.000","1"
"Bryan","29","1702","2013-02-06 00:00:00.000","1"
"Bryan","29","1998","2013-07-22 00:00:00.000","1"
"Bryan","29","1780","2013-11-18 00:00:00.000","1"
"Bryan","3","2807","2007-04-03 00:00:00.000","1"
"Bryan","3","2549","2007-08-06 00:00:00.000","1"
"Bryan","3","2796","2007-12-11 00:00:00.000","1"
"Bryan","3","2625","2010-04-19 00:00:00.000","1"
"Bryan","3","2697","2010-08-02 00:00:00.000","1"
"Bryan","3","2669","2013-02-04 00:00:00.000","1"
"Bryan","3","3163","2013-07-23 00:00:00.000","1"
"Bryan","3","0","2013-11-19 00:00:00.000","-1"
"Bryan","30","776","2007-04-04 00:00:00.000","1"
"Bryan","30","814","2007-08-08 00:00:00.000","1"
"Bryan","30","780","2010-05-04 00:00:00.000","1"
"Bryan","30","973","2010-08-04 00:00:00.000","1"
"Bryan","30","775","2013-02-06 00:00:00.000","1"
"Bryan","30","1071","2013-07-22 00:00:00.000","1"
"Bryan","30","1173","2013-11-18 00:00:00.000","1"
"Bryan","31","812","2007-04-04 00:00:00.000","-1"
"Bryan","31","4260","2007-08-08 00:00:00.000","1"
"Bryan","31","4503","2010-05-04 00:00:00.000","1"
"Bryan","31","4433","2010-08-04 00:00:00.000","1"
"Bryan","31","3915","2013-02-06 00:00:00.000","1"
"Bryan","31","4290","2013-07-22 00:00:00.000","-1"
"Bryan","31","4290","2013-07-22 00:00:00.000","1"
"Bryan","31","4425","2013-11-18 00:00:00.000","1"
"Bryan","32","1150","2007-04-04 00:00:00.000","1"
"Bryan","32","1071","2007-08-08 00:00:00.000","1"
"Bryan","32","1419","2010-05-04 00:00:00.000","1"
"Bryan","32","1294","2010-08-04 00:00:00.000","1"
"Bryan","32","1080","2013-02-06 00:00:00.000","1"
"Bryan","32","1244","2013-07-22 00:00:00.000","1"
"Bryan","32","1387","2013-11-18 00:00:00.000","1"
"Bryan","33","328","2007-04-04 00:00:00.000","1"
"Bryan","33","714","2007-08-08 00:00:00.000","1"
"Bryan","33","1071","2010-05-04 00:00:00.000","1"
"Bryan","33","839","2010-08-04 00:00:00.000","1"
"Bryan","33","741","2013-02-06 00:00:00.000","1"
"Bryan","33","1023","2013-07-22 00:00:00.000","1"
"Bryan","33","1194","2013-11-18 00:00:00.000","1"
"Bryan","34","589","2007-04-04 00:00:00.000","-1"
"Bryan","34","3005","2007-08-08 00:00:00.000","1"
"Bryan","34","3060","2010-05-04 00:00:00.000","1"
"Bryan","34","3060","2010-08-04 00:00:00.000","1"
"Bryan","34","2621","2013-02-06 00:00:00.000","1"
"Bryan","34","2892","2013-07-22 00:00:00.000","1"
"Bryan","34","3086","2013-11-18 00:00:00.000","1"
"Bryan","35","3033","2007-04-04 00:00:00.000","1"
"Bryan","35","3155","2007-07-08 00:00:00.000","1"
"Bryan","35","2969","2010-04-21 00:00:00.000","1"
"Bryan","35","3264","2010-08-04 00:00:00.000","1"
"Bryan","35","2338","2013-02-06 00:00:00.000","1"
"Bryan","35","2798","2013-07-22 00:00:00.000","1"
"Bryan","35","2205","2013-11-18 00:00:00.000","1"
"Bryan","36","35281","2007-04-04 00:00:00.000","1"
"Bryan","36","0","2007-07-08 00:00:00.000","-1"
"Bryan","36","36037","2010-04-21 00:00:00.000","1"
"Bryan","36","38552","2010-08-04 00:00:00.000","1"
"Bryan","36","30919","2013-02-06 00:00:00.000","1"
"Bryan","36","36320","2013-07-30 00:00:00.000","1"
"Bryan","36","32854","2013-11-18 00:00:00.000","1"
"Bryan","37","2426","2007-04-04 00:00:00.000","1"
"Bryan","37","2297","2007-07-08 00:00:00.000","1"
"Bryan","37","2573","2010-04-21 00:00:00.000","1"
"Bryan","37","2587","2010-08-04 00:00:00.000","1"
"Bryan","37","2099","2013-02-06 00:00:00.000","1"
"Bryan","37","2177","2013-07-22 00:00:00.000","1"
"Bryan","37","1997","2013-11-18 00:00:00.000","1"
"Bryan","38","37077","2007-04-04 00:00:00.000","1"
"Bryan","38","37585","2007-07-08 00:00:00.000","1"
"Bryan","38","0","2007-12-12 00:00:00.000","-1"
"Bryan","38","27932","2010-04-21 00:00:00.000","1"
"Bryan","38","36986","2010-08-04 00:00:00.000","1"
"Bryan","38","35367","2013-02-06 00:00:00.000","1"
"Bryan","38","17283","2013-07-22 00:00:00.000","-1"
"Bryan","38","31881","2013-11-18 00:00:00.000","1"
"Bryan","4","1433","2007-04-03 00:00:00.000","1"
"Bryan","4","1371","2007-08-06 00:00:00.000","1"
"Bryan","4","1397","2007-12-11 00:00:00.000","1"
"Bryan","4","1264","2010-04-19 00:00:00.000","1"
"Bryan","4","1328","2010-08-02 00:00:00.000","1"
"Bryan","4","1191","2013-02-04 00:00:00.000","1"
"Bryan","4","1591","2013-07-23 00:00:00.000","1"
"Bryan","4","2967","2013-11-19 00:00:00.000","-1"
"Bryan","40","2731","2007-04-04 00:00:00.000","1"
"Bryan","40","2588","2007-08-08 00:00:00.000","1"
"Bryan","40","2864","2010-04-21 00:00:00.000","1"
"Bryan","40","2415","2010-08-04 00:00:00.000","1"
"Bryan","40","0","2013-02-06 00:00:00.000","-1"
"Bryan","40","2841","2013-02-06 00:00:00.000","1"
"Bryan","40","2737","2013-07-22 00:00:00.000","1"
"Bryan","40","2348","2013-11-18 00:00:00.000","1"
"Bryan","400","32","2008-03-26 00:00:00.000","1"
"Bryan","400","46","2010-06-02 00:00:00.000","1"
"Bryan","401","15","2008-03-26 00:00:00.000","1"
"Bryan","401","16","2010-06-02 00:00:00.000","1"
"Bryan","402","121","2008-03-26 00:00:00.000","1"
"Bryan","402","86","2010-06-02 00:00:00.000","1"
"Bryan","408","59","2008-03-24 00:00:00.000","1"
"Bryan","408","167","2010-05-26 00:00:00.000","1"
"Bryan","409","299","2008-03-24 00:00:00.000","1"
"Bryan","409","106","2010-05-24 00:00:00.000","1"
"Bryan","41","1626","2007-04-04 00:00:00.000","1"
"Bryan","41","1380","2007-08-08 00:00:00.000","1"
"Bryan","41","1395","2010-04-21 00:00:00.000","1"
"Bryan","41","1236","2010-08-04 00:00:00.000","1"
"Bryan","41","1205","2013-02-06 00:00:00.000","1"
"Bryan","41","1131","2013-07-22 00:00:00.000","1"
"Bryan","41","1159","2013-11-18 00:00:00.000","1"
"Bryan","410","504","2008-03-24 00:00:00.000","1"
"Bryan","413","355","2008-03-24 00:00:00.000","1"
"Bryan","413","829","2010-05-26 00:00:00.000","1"
"Bryan","416","213","2008-03-24 00:00:00.000","1"
"Bryan","416","1226","2010-05-24 00:00:00.000","1"
"Bryan","419","1941","2008-03-25 00:00:00.000","1"
"Bryan","419","1207","2010-05-24 00:00:00.000","1"
"Bryan","42","2275","2007-04-04 00:00:00.000","1"
"Bryan","42","2209","2007-08-08 00:00:00.000","1"
"Bryan","42","2285","2010-04-21 00:00:00.000","1"
"Bryan","42","2196","2010-08-04 00:00:00.000","1"
"Bryan","42","2176","2013-02-06 00:00:00.000","1"
"Bryan","42","2166","2013-07-22 00:00:00.000","1"
"Bryan","42","2165","2013-11-18 00:00:00.000","1"
"Bryan","420","643","2008-03-25 00:00:00.000","1"
"Bryan","420","876","2010-05-24 00:00:00.000","1"
"Bryan","424","226","2008-03-25 00:00:00.000","1"
"Bryan","424","213","2010-05-24 00:00:00.000","1"
"Bryan","425","144","2008-03-25 00:00:00.000","1"
"Bryan","425","1017","2010-05-26 00:00:00.000","1"
"Bryan","426","367","2008-03-25 00:00:00.000","1"
"Bryan","426","785","2010-05-26 00:00:00.000","1"
"Bryan","43","2511","2007-04-04 00:00:00.000","1"
"Bryan","43","2372","2007-08-08 00:00:00.000","1"
"Bryan","43","2343","2010-05-04 00:00:00.000","1"
"Bryan","43","2211","2010-08-04 00:00:00.000","1"
"Bryan","43","2079","2013-02-06 00:00:00.000","1"
"Bryan","43","2101","2013-07-22 00:00:00.000","1"
"Bryan","43","2294","2013-11-18 00:00:00.000","1"
"Bryan","436","64","2008-03-26 00:00:00.000","1"
"Bryan","436","90","2010-06-02 00:00:00.000","1"
"Bryan","44","1726","2007-04-04 00:00:00.000","1"
"Bryan","44","1564","2007-08-08 00:00:00.000","1"
"Bryan","44","1511","2010-05-04 00:00:00.000","1"
"Bryan","44","460","2010-05-26 00:00:00.000","-1"
"Bryan","44","1482","2010-08-04 00:00:00.000","1"
"Bryan","44","1381","2013-02-06 00:00:00.000","1"
"Bryan","44","1339","2013-07-22 00:00:00.000","1"
"Bryan","44","1329","2013-11-18 00:00:00.000","1"
"Bryan","440","460","2010-05-26 00:00:00.000","1"
"Bryan","440","460","2010-05-26 00:00:00.000","1"
"Bryan","442","45","2008-03-26 00:00:00.000","1"
"Bryan","442","48","2010-06-02 00:00:00.000","1"
"Bryan","444","83","2008-03-24 00:00:00.000","1"
"Bryan","444","112","2010-05-26 00:00:00.000","1"
"Bryan","45","793","2007-04-04 00:00:00.000","1"
"Bryan","45","592","2007-08-08 00:00:00.000","1"
"Bryan","45","578","2010-05-04 00:00:00.000","1"
"Bryan","45","573","2010-08-04 00:00:00.000","1"
"Bryan","45","425","2013-02-06 00:00:00.000","1"
"Bryan","45","407","2013-07-23 00:00:00.000","1"
"Bryan","45","459","2013-11-18 00:00:00.000","1"
"Bryan","451","121","2008-03-26 00:00:00.000","1"
"Bryan","451","77","2010-06-02 00:00:00.000","1"
"Bryan","452","145","2008-03-26 00:00:00.000","1"
"Bryan","452","95","2010-06-02 00:00:00.000","1"
"Bryan","46","2581","2007-04-04 00:00:00.000","1"
"Bryan","46","2221","2007-08-08 00:00:00.000","1"
"Bryan","46","1960","2010-05-04 00:00:00.000","1"
"Bryan","46","1776","2010-08-04 00:00:00.000","1"
"Bryan","46","1557","2013-02-06 00:00:00.000","1"
"Bryan","46","2035","2013-07-30 00:00:00.000","1"
"Bryan","46","2476","2013-11-18 00:00:00.000","1"
"Bryan","47","289","2007-04-04 00:00:00.000","1"
"Bryan","47","285","2007-08-08 00:00:00.000","1"
"Bryan","47","288","2010-05-04 00:00:00.000","1"
"Bryan","47","293","2010-08-04 00:00:00.000","1"
"Bryan","47","253","2013-02-06 00:00:00.000","1"
"Bryan","47","389","2013-07-24 00:00:00.000","1"
"Bryan","47","277","2013-11-18 00:00:00.000","1"
"Bryan","48","14890","2010-08-25 00:00:00.000","1"
"Bryan","48","14310","2013-02-04 00:00:00.000","1"
"Bryan","49","2561","2010-08-25 00:00:00.000","1"
"Bryan","5","1204","2007-04-02 00:00:00.000","1"
"Bryan","5","1110","2007-08-06 00:00:00.000","1"
"Bryan","5","1291","2007-12-11 00:00:00.000","-1"
"Bryan","5","1361","2010-08-02 00:00:00.000","1"
"Bryan","5","1245","2013-02-04 00:00:00.000","1"
"Bryan","5","1513","2013-07-22 00:00:00.000","1"
"Bryan","5","3205","2013-11-19 00:00:00.000","-1"
"Bryan","50","1204","2007-04-02 00:00:00.000","-1"
"Bryan","50","1291","2007-12-11 00:00:00.000","-1"
"Bryan","50","1160","2010-04-19 00:00:00.000","1"
"Bryan","50","23910","2010-08-25 00:00:00.000","1"
"Bryan","501","718","1997-04-28 00:00:00.000","-1"
"Bryan","501","84","1999-05-17 00:00:00.000","1"
"Bryan","501","114","2001-07-23 00:00:00.000","1"
"Bryan","501","96","2003-07-09 00:00:00.000","1"
"Bryan","501","72","2005-04-11 00:00:00.000","1"
"Bryan","501","28","2008-03-24 00:00:00.000","1"
"Bryan","501","43","2010-05-24 00:00:00.000","1"
"Bryan","502","75","1997-04-28 00:00:00.000","1"
"Bryan","502","80","1999-05-17 00:00:00.000","1"
"Bryan","502","103","2001-07-23 00:00:00.000","1"
"Bryan","502","120","2003-07-09 00:00:00.000","1"
"Bryan","502","65","2005-11-01 00:00:00.000","1"
"Bryan","502","64","2008-03-24 00:00:00.000","1"
"Bryan","502","60","2010-05-24 00:00:00.000","1"
"Bryan","503","544","1999-05-17 00:00:00.000","1"
"Bryan","503","408","2001-07-23 00:00:00.000","1"
"Bryan","503","468","2003-07-09 00:00:00.000","1"
"Bryan","503","441","2005-04-11 00:00:00.000","1"
"Bryan","503","83","2008-03-24 00:00:00.000","-1"
"Bryan","503","174","2010-05-24 00:00:00.000","1"
"Bryan","504","417","1997-04-21 00:00:00.000","1"
"Bryan","504","911","1999-05-24 00:00:00.000","1"
"Bryan","504","1198","2001-07-23 00:00:00.000","1"
"Bryan","504","837","2003-07-09 00:00:00.000","1"
"Bryan","504","852","2005-04-26 00:00:00.000","1"
"Bryan","504","510","2008-03-24 00:00:00.000","1"
"Bryan","504","581","2010-05-24 00:00:00.000","1"
"Bryan","505","272","1997-04-28 00:00:00.000","1"
"Bryan","505","401","1999-05-24 00:00:00.000","1"
"Bryan","505","408","2001-07-23 00:00:00.000","1"
"Bryan","505","463","2003-07-09 00:00:00.000","1"
"Bryan","505","405","2005-04-27 00:00:00.000","1"
"Bryan","505","234","2008-03-24 00:00:00.000","1"
"Bryan","505","222","2010-05-24 00:00:00.000","1"
"Bryan","506","217","1997-04-28 00:00:00.000","1"
"Bryan","506","241","1999-05-24 00:00:00.000","1"
"Bryan","506","288","2001-07-23 00:00:00.000","1"
"Bryan","506","304","2005-04-26 00:00:00.000","1"
"Bryan","506","263","2008-03-24 00:00:00.000","1"
"Bryan","506","267","2010-05-24 00:00:00.000","1"
"Bryan","507","1063","1997-04-28 00:00:00.000","1"
"Bryan","507","630","1999-05-17 00:00:00.000","1"
"Bryan","507","830","2001-08-06 00:00:00.000","1"
"Bryan","507","601","2003-11-03 00:00:00.000","1"
"Bryan","507","471","2005-04-18 00:00:00.000","1"
"Bryan","507","484","2005-04-27 00:00:00.000","1"
"Bryan","507","402","2008-03-26 00:00:00.000","1"
"Bryan","507","198","2010-06-02 00:00:00.000","1"
"Bryan","508","834","1997-04-28 00:00:00.000","1"
"Bryan","508","728","1999-05-17 00:00:00.000","1"
"Bryan","508","628","2001-07-23 00:00:00.000","1"
"Bryan","508","745","2003-11-03 00:00:00.000","1"
"Bryan","508","1288","2005-04-11 00:00:00.000","1"
"Bryan","508","944","2008-03-24 00:00:00.000","1"
"Bryan","508","794","2010-05-26 00:00:00.000","1"
"Bryan","509","461","1997-04-28 00:00:00.000","1"
"Bryan","509","641","1999-05-17 00:00:00.000","1"
"Bryan","509","690","2001-07-23 00:00:00.000","1"
"Bryan","509","963","2003-07-09 00:00:00.000","1"
"Bryan","509","925","2005-04-11 00:00:00.000","1"
"Bryan","509","769","2008-03-24 00:00:00.000","1"
"Bryan","509","750","2010-05-26 00:00:00.000","1"
"Bryan","51","30800","2007-04-04 00:00:00.000","1"
"Bryan","51","32497","2007-08-07 00:00:00.000","1"
"Bryan","51","29251","2007-12-12 00:00:00.000","1"
"Bryan","51","32721","2010-04-21 00:00:00.000","1"
"Bryan","51","32533","2010-08-02 00:00:00.000","1"
"Bryan","51","33560","2013-02-06 00:00:00.000","1"
"Bryan","51","34264","2013-07-22 00:00:00.000","1"
"Bryan","51","17789","2013-07-30 00:00:00.000","-1"
"Bryan","51","31263","2013-11-18 00:00:00.000","1"
"Bryan","510","123","1997-03-24 00:00:00.000","1"
"Bryan","510","1466","1999-05-17 00:00:00.000","1"
"Bryan","510","1267","2001-11-13 00:00:00.000","1"
"Bryan","510","1196","2003-07-16 00:00:00.000","1"
"Bryan","510","1588","2005-04-11 00:00:00.000","1"
"Bryan","510","744","2008-03-24 00:00:00.000","1"
"Bryan","510","117","2010-05-24 00:00:00.000","-1"
"Bryan","511","382","1997-05-01 00:00:00.000","1"
"Bryan","511","1011","1999-05-26 00:00:00.000","1"
"Bryan","511","673","2001-07-23 00:00:00.000","1"
"Bryan","511","526","2003-11-03 00:00:00.000","1"
"Bryan","511","911","2005-04-11 00:00:00.000","1"
"Bryan","511","621","2008-03-24 00:00:00.000","1"
"Bryan","511","885","2010-05-24 00:00:00.000","1"
"Bryan","512","765","1997-05-01 00:00:00.000","1"
"Bryan","512","1751","1999-05-26 00:00:00.000","1"
"Bryan","512","1761","2001-07-25 00:00:00.000","1"
"Bryan","512","1874","2003-07-09 00:00:00.000","1"
"Bryan","512","1422","2005-04-12 00:00:00.000","1"
"Bryan","512","755","2008-03-24 00:00:00.000","-1"
"Bryan","512","1691","2010-05-24 00:00:00.000","1"
"Bryan","513","2013","1997-05-01 00:00:00.000","1"
"Bryan","513","1887","1999-05-26 00:00:00.000","1"
"Bryan","513","2175","2001-08-06 00:00:00.000","1"
"Bryan","513","2265","2003-07-09 00:00:00.000","1"
"Bryan","513","2177","2005-04-11 00:00:00.000","1"
"Bryan","513","2356","2008-03-24 00:00:00.000","1"
"Bryan","513","1599","2010-05-24 00:00:00.000","1"
"Bryan","514","1563","1997-05-01 00:00:00.000","-1"
"Bryan","514","356","1999-05-26 00:00:00.000","1"
"Bryan","514","516","2001-07-25 00:00:00.000","1"
"Bryan","514","491","2003-11-03 00:00:00.000","1"
"Bryan","514","530","2005-04-11 00:00:00.000","1"
"Bryan","514","297","2008-03-24 00:00:00.000","1"
"Bryan","514","513","2010-05-24 00:00:00.000","1"
"Bryan","515","168","1997-02-06 00:00:00.000","-1"
"Bryan","515","1701","1999-05-26 00:00:00.000","1"
"Bryan","515","2233","2003-11-03 00:00:00.000","1"
"Bryan","515","2180","2005-04-11 00:00:00.000","1"
"Bryan","515","2673","2008-03-24 00:00:00.000","1"
"Bryan","515","2343","2010-05-26 00:00:00.000","1"
"Bryan","516","1347","1997-05-07 00:00:00.000","1"
"Bryan","516","863","1999-08-23 00:00:00.000","1"
"Bryan","516","895","2001-08-15 00:00:00.000","1"
"Bryan","516","957","2003-07-16 00:00:00.000","1"
"Bryan","516","879","2005-04-13 00:00:00.000","1"
"Bryan","516","739","2008-03-24 00:00:00.000","1"
"Bryan","516","681","2010-05-26 00:00:00.000","1"
"Bryan","517","851","1997-05-07 00:00:00.000","1"
"Bryan","517","384","1999-05-26 00:00:00.000","1"
"Bryan","517","643","2001-11-13 00:00:00.000","1"
"Bryan","517","547","2003-07-16 00:00:00.000","1"
"Bryan","517","382","2005-04-18 00:00:00.000","1"
"Bryan","517","431","2008-03-24 00:00:00.000","1"
"Bryan","517","496","2010-05-26 00:00:00.000","1"
"Bryan","518","361","1997-05-07 00:00:00.000","1"
"Bryan","518","283","1999-05-26 00:00:00.000","1"
"Bryan","518","381","2001-08-15 00:00:00.000","1"
"Bryan","518","319","2003-07-16 00:00:00.000","1"
"Bryan","518","425","2005-11-07 00:00:00.000","1"
"Bryan","518","232","2008-03-24 00:00:00.000","1"
"Bryan","518","223","2010-05-26 00:00:00.000","1"
"Bryan","519","392","1997-05-07 00:00:00.000","1"
"Bryan","519","603","1999-05-24 00:00:00.000","1"
"Bryan","519","620","2001-08-15 00:00:00.000","1"
"Bryan","519","541","2003-07-16 00:00:00.000","1"
"Bryan","519","595","2005-04-18 00:00:00.000","1"
"Bryan","519","356","2008-03-24 00:00:00.000","1"
"Bryan","519","386","2010-05-26 00:00:00.000","1"
"Bryan","52","27396","2007-04-02 00:00:00.000","1"
"Bryan","52","0","2007-08-06 00:00:00.000","-1"
"Bryan","52","25932","2007-12-11 00:00:00.000","1"
"Bryan","52","26148","2010-04-19 00:00:00.000","1"
"Bryan","52","27513","2010-08-02 00:00:00.000","1"
"Bryan","52","24699","2010-08-23 00:00:00.000","1"
"Bryan","52","24431","2013-02-04 00:00:00.000","1"
"Bryan","52","33222","2013-07-23 00:00:00.000","1"
"Bryan","520","178","1997-04-28 00:00:00.000","1"
"Bryan","520","895","1999-05-17 00:00:00.000","1"
"Bryan","520","1170","2001-08-06 00:00:00.000","1"
"Bryan","520","1063","2003-11-03 00:00:00.000","1"
"Bryan","520","876","2005-04-18 00:00:00.000","1"
"Bryan","520","780","2008-03-26 00:00:00.000","1"
"Bryan","520","901","2010-06-02 00:00:00.000","1"
"Bryan","521","297","1997-04-28 00:00:00.000","1"
"Bryan","521","471","1999-05-17 00:00:00.000","1"
"Bryan","521","389","2001-08-06 00:00:00.000","1"
"Bryan","521","430","2003-07-16 00:00:00.000","1"
"Bryan","521","433","2005-04-18 00:00:00.000","1"
"Bryan","521","166","2008-03-26 00:00:00.000","-1"
"Bryan","521","232","2010-06-02 00:00:00.000","1"
"Bryan","522","219","1997-04-28 00:00:00.000","1"
"Bryan","522","295","1999-05-17 00:00:00.000","1"
"Bryan","522","298","2003-07-16 00:00:00.000","1"
"Bryan","522","268","2005-04-18 00:00:00.000","1"
"Bryan","522","291","2008-03-26 00:00:00.000","1"
"Bryan","522","302","2010-06-02 00:00:00.000","1"
"Bryan","523","1141","2001-11-13 00:00:00.000","1"
"Bryan","523","1178","2003-07-09 00:00:00.000","1"
"Bryan","523","1101","2005-11-07 00:00:00.000","1"
"Bryan","523","1294","2008-03-25 00:00:00.000","1"
"Bryan","523","1463","2010-05-24 00:00:00.000","1"
"Bryan","524","521","1997-05-07 00:00:00.000","1"
"Bryan","524","916","1999-05-24 00:00:00.000","1"
"Bryan","524","822","2001-08-06 00:00:00.000","1"
"Bryan","524","808","2003-07-09 00:00:00.000","1"
"Bryan","524","564","2005-04-26 00:00:00.000","1"
"Bryan","524","769","2008-03-25 00:00:00.000","1"
"Bryan","524","1039","2010-05-24 00:00:00.000","1"
"Bryan","525","1216","1997-05-07 00:00:00.000","1"
"Bryan","525","1351","1999-05-24 00:00:00.000","1"
"Bryan","525","624","2003-07-09 00:00:00.000","1"
"Bryan","525","881","2005-04-26 00:00:00.000","1"
"Bryan","525","370","2008-03-25 00:00:00.000","1"
"Bryan","525","621","2010-05-24 00:00:00.000","1"
"Bryan","526","1473","2001-07-25 00:00:00.000","1"
"Bryan","526","1885","2003-11-03 00:00:00.000","1"
"Bryan","526","2155","2005-04-18 00:00:00.000","1"
"Bryan","526","434","2008-03-25 00:00:00.000","-1"
"Bryan","526","2246","2010-05-24 00:00:00.000","1"
"Bryan","527","241","1997-05-07 00:00:00.000","-1"
"Bryan","527","1313","1999-05-24 00:00:00.000","1"
"Bryan","527","1521","2001-07-25 00:00:00.000","1"
"Bryan","527","1674","2003-07-09 00:00:00.000","1"
"Bryan","527","1710","2005-04-18 00:00:00.000","1"
"Bryan","527","1772","2008-03-25 00:00:00.000","1"
"Bryan","527","1881","2010-05-24 00:00:00.000","1"
"Bryan","528","284","1997-05-07 00:00:00.000","1"
"Bryan","528","376","1999-05-24 00:00:00.000","1"
"Bryan","528","299","2001-07-25 00:00:00.000","1"
"Bryan","528","515","2003-07-09 00:00:00.000","-1"
"Bryan","528","290","2005-04-18 00:00:00.000","1"
"Bryan","528","261","2008-03-25 00:00:00.000","1"
"Bryan","528","271","2010-05-26 00:00:00.000","1"
"Bryan","529","147","2003-07-09 00:00:00.000","1"
"Bryan","529","225","2005-04-18 00:00:00.000","1"
"Bryan","529","188","2008-03-24 00:00:00.000","1"
"Bryan","529","202","2010-05-26 00:00:00.000","1"
"Bryan","530","293","1997-05-07 00:00:00.000","1"
"Bryan","530","391","1999-05-24 00:00:00.000","1"
"Bryan","530","251","2001-11-13 00:00:00.000","1"
"Bryan","530","335","2003-07-09 00:00:00.000","1"
"Bryan","530","407","2005-04-18 00:00:00.000","1"
"Bryan","530","156","2008-03-24 00:00:00.000","-1"
"Bryan","530","219","2010-05-26 00:00:00.000","1"
"Bryan","531","379","1997-05-01 00:00:00.000","1"
"Bryan","531","289","1999-05-24 00:00:00.000","1"
"Bryan","531","411","2001-08-06 00:00:00.000","1"
"Bryan","531","423","2003-07-16 00:00:00.000","1"
"Bryan","531","375","2005-04-18 00:00:00.000","1"
"Bryan","531","363","2008-03-26 00:00:00.000","1"
"Bryan","531","357","2010-06-02 00:00:00.000","1"
"Bryan","532","435","2001-08-06 00:00:00.000","1"
"Bryan","532","339","2003-07-16 00:00:00.000","1"
"Bryan","532","379","2005-04-18 00:00:00.000","1"
"Bryan","532","384","2008-03-26 00:00:00.000","1"
"Bryan","532","123","2010-06-02 00:00:00.000","1"
"Bryan","533","2812","1997-05-07 00:00:00.000","1"
"Bryan","533","219","1999-05-24 00:00:00.000","1"
"Bryan","533","268","2001-08-06 00:00:00.000","1"
"Bryan","533","584","2003-11-03 00:00:00.000","1"
"Bryan","533","353","2005-04-18 00:00:00.000","1"
"Bryan","533","311","2008-03-26 00:00:00.000","1"
"Bryan","533","286","2010-06-02 00:00:00.000","1"
"Bryan","534","1368","1997-05-01 00:00:00.000","1"
"Bryan","534","1020","1999-05-26 00:00:00.000","1"
"Bryan","534","2155","2001-11-13 00:00:00.000","1"
"Bryan","534","2079","2003-07-09 00:00:00.000","1"
"Bryan","534","1932","2005-11-07 00:00:00.000","1"
"Bryan","534","2112","2008-03-25 00:00:00.000","1"
"Bryan","534","1305","2010-05-24 00:00:00.000","1"
"Bryan","535","680","1997-05-07 00:00:00.000","-1"
"Bryan","535","2979","1999-05-26 00:00:00.000","1"
"Bryan","535","2753","2001-08-08 00:00:00.000","1"
"Bryan","535","2737","2003-07-21 00:00:00.000","1"
"Bryan","535","2502","2005-04-26 00:00:00.000","1"
"Bryan","535","2245","2008-03-25 00:00:00.000","1"
"Bryan","535","2325","2010-05-24 00:00:00.000","1"
"Bryan","536","905","2003-07-21 00:00:00.000","1"
"Bryan","536","732","2005-11-07 00:00:00.000","1"
"Bryan","536","749","2008-03-25 00:00:00.000","1"
"Bryan","536","624","2010-05-24 00:00:00.000","1"
"Bryan","537","1847","1997-05-01 00:00:00.000","1"
"Bryan","537","2526","1999-05-26 00:00:00.000","1"
"Bryan","537","2934","2001-08-08 00:00:00.000","1"
"Bryan","537","2231","2003-09-02 00:00:00.000","1"
"Bryan","537","2287","2005-04-26 00:00:00.000","1"
"Bryan","537","2575","2008-03-25 00:00:00.000","1"
"Bryan","537","1541","2010-05-24 00:00:00.000","1"
"Bryan","538","282","1997-06-16 00:00:00.000","1"
"Bryan","538","536","1999-05-26 00:00:00.000","1"
"Bryan","538","443","2001-08-06 00:00:00.000","1"
"Bryan","538","553","2003-07-09 00:00:00.000","1"
"Bryan","538","906","2005-05-26 00:00:00.000","1"
"Bryan","538","799","2008-03-25 00:00:00.000","1"
"Bryan","538","529","2010-05-24 00:00:00.000","1"
"Bryan","539","2589","1997-05-01 00:00:00.000","-1"
"Bryan","539","181","1999-05-26 00:00:00.000","1"
"Bryan","539","335","2001-08-06 00:00:00.000","1"
"Bryan","539","373","2003-07-16 00:00:00.000","1"
"Bryan","539","412","2005-05-26 00:00:00.000","1"
"Bryan","539","334","2008-03-25 00:00:00.000","1"
"Bryan","539","207","2010-05-26 00:00:00.000","1"
"Bryan","54","4813","2010-08-25 00:00:00.000","1"
"Bryan","540","211","1997-05-01 00:00:00.000","1"
"Bryan","540","401","1999-05-24 00:00:00.000","1"
"Bryan","540","761","2001-08-06 00:00:00.000","1"
"Bryan","540","1022","2003-07-16 00:00:00.000","1"
"Bryan","540","1349","2005-04-26 00:00:00.000","1"
"Bryan","540","672","2008-03-25 00:00:00.000","1"
"Bryan","540","1043","2010-05-26 00:00:00.000","1"
"Bryan","541","761","1997-05-01 00:00:00.000","-1"
"Bryan","541","237","1999-05-24 00:00:00.000","1"
"Bryan","541","253","2001-08-06 00:00:00.000","1"
"Bryan","541","299","2003-07-16 00:00:00.000","1"
"Bryan","541","222","2005-05-26 00:00:00.000","1"
"Bryan","541","228","2008-03-25 00:00:00.000","1"
"Bryan","541","265","2010-05-26 00:00:00.000","1"
"Bryan","542","147","1997-05-01 00:00:00.000","1"
"Bryan","542","209","1999-05-24 00:00:00.000","1"
"Bryan","542","228","2001-08-06 00:00:00.000","1"
"Bryan","542","166","2003-07-16 00:00:00.000","1"
"Bryan","542","220","2005-04-26 00:00:00.000","1"
"Bryan","542","274","2008-03-25 00:00:00.000","1"
"Bryan","542","144","2010-05-26 00:00:00.000","1"
"Bryan","543","120","1997-05-01 00:00:00.000","1"
"Bryan","543","442","1999-05-24 00:00:00.000","1"
"Bryan","543","375","2001-08-06 00:00:00.000","1"
"Bryan","543","499","2003-11-03 00:00:00.000","1"
"Bryan","543","381","2005-04-26 00:00:00.000","1"
"Bryan","543","371","2008-03-26 00:00:00.000","1"
"Bryan","543","181","2010-06-02 00:00:00.000","1"
"Bryan","544","555","2001-08-06 00:00:00.000","1"
"Bryan","544","546","2003-11-03 00:00:00.000","1"
"Bryan","544","549","2005-04-26 00:00:00.000","1"
"Bryan","544","318","2008-03-26 00:00:00.000","-1"
"Bryan","544","193","2010-06-02 00:00:00.000","1"
"Bryan","545","1774","2001-08-08 00:00:00.000","1"
"Bryan","545","1429","2003-11-03 00:00:00.000","1"
"Bryan","545","1488","2005-04-26 00:00:00.000","1"
"Bryan","545","1011","2008-03-25 00:00:00.000","1"
"Bryan","545","987","2010-05-24 00:00:00.000","1"
"Bryan","546","185","2003-07-09 00:00:00.000","1"
"Bryan","546","183","2005-04-11 00:00:00.000","1"
"Bryan","546","86","2008-03-24 00:00:00.000","1"
"Bryan","546","85","2010-05-26 00:00:00.000","1"
"Bryan","547","174","2001-07-23 00:00:00.000","1"
"Bryan","547","320","2003-07-09 00:00:00.000","-1"
"Bryan","547","129","2005-04-11 00:00:00.000","1"
"Bryan","547","128","2008-03-24 00:00:00.000","1"
"Bryan","547","135","2010-05-26 00:00:00.000","1"
"Bryan","548","21","2001-07-23 00:00:00.000","1"
"Bryan","548","24","2003-07-09 00:00:00.000","1"
"Bryan","548","57","2005-04-26 00:00:00.000","1"
"Bryan","548","24","2008-03-24 00:00:00.000","1"
"Bryan","548","18","2010-05-24 00:00:00.000","1"
"Bryan","549","1167","2001-07-25 00:00:00.000","1"
"Bryan","549","801","2003-07-09 00:00:00.000","1"
"Bryan","549","667","2005-04-11 00:00:00.000","1"
"Bryan","549","84","2008-03-24 00:00:00.000","-1"
"Bryan","549","692","2010-05-24 00:00:00.000","1"
"Bryan","55","14553","2010-08-16 00:00:00.000","1"
"Bryan","550","299","2001-08-15 00:00:00.000","1"
"Bryan","550","388","2003-07-16 00:00:00.000","1"
"Bryan","550","352","2005-04-18 00:00:00.000","1"
"Bryan","550","235","2008-03-24 00:00:00.000","1"
"Bryan","550","262","2010-05-26 00:00:00.000","1"
"Bryan","551","1479","2005-04-04 00:00:00.000","1"
"Bryan","56","8007","2010-08-16 00:00:00.000","1"
"Bryan","57","10570","2010-08-23 00:00:00.000","1"
"Bryan","58","13637","2010-08-23 00:00:00.000","1"
"Bryan","59","10143","2010-08-16 00:00:00.000","1"
"Bryan","6","23306","2007-04-02 00:00:00.000","1"
"Bryan","6","24234","2007-08-06 00:00:00.000","1"
"Bryan","6","22599","2007-12-11 00:00:00.000","1"
"Bryan","6","23557","2010-04-19 00:00:00.000","1"
"Bryan","6","24156","2010-08-02 00:00:00.000","1"
"Bryan","6","20840","2013-02-04 00:00:00.000","1"
"Bryan","6","25111","2013-07-23 00:00:00.000","1"
"Bryan","6","26065","2013-11-21 00:00:00.000","1"
"Bryan","60","6440","2010-08-23 00:00:00.000","1"
"Bryan","61","11283","2010-08-16 00:00:00.000","1"
"Bryan","62","10291","2010-08-16 00:00:00.000","1"
"Bryan","63","9014","2010-08-23 00:00:00.000","1"
"Bryan","64","12043","2010-08-16 00:00:00.000","1"
"Bryan","65","9794","2010-08-16 00:00:00.000","1"
"Bryan","66","4045","2010-08-23 00:00:00.000","1"
"Bryan","67","8798","2010-08-18 00:00:00.000","1"
"Bryan","68","30065","2010-08-18 00:00:00.000","1"
"Bryan","69","2719","2010-08-25 00:00:00.000","1"
"Bryan","7","22151","2007-04-02 00:00:00.000","1"
"Bryan","7","23128","2007-08-06 00:00:00.000","1"
"Bryan","7","22603","2007-12-11 00:00:00.000","1"
"Bryan","7","22439","2010-04-19 00:00:00.000","1"
"Bryan","7","22892","2010-08-02 00:00:00.000","1"
"Bryan","7","20073","2013-02-04 00:00:00.000","1"
"Bryan","7","24734","2013-07-22 00:00:00.000","1"
"Bryan","7","24603","2013-11-21 00:00:00.000","1"
"Bryan","701","1649","1999-08-16 00:00:00.000","1"
"Bryan","701","1738","2001-08-13 00:00:00.000","1"
"Bryan","701","2407","2003-06-02 00:00:00.000","1"
"Bryan","701","2053","2005-04-06 00:00:00.000","1"
"Bryan","701","1829","2010-08-25 00:00:00.000","1"
"Bryan","702","4975","1999-08-16 00:00:00.000","1"
"Bryan","702","6411","2001-08-13 00:00:00.000","1"
"Bryan","702","3879","2003-06-02 00:00:00.000","1"
"Bryan","702","3828","2005-04-06 00:00:00.000","1"
"Bryan","702","6139","2010-08-23 00:00:00.000","1"
"Bryan","703","2838","1999-08-16 00:00:00.000","1"
"Bryan","703","3387","2001-08-13 00:00:00.000","1"
"Bryan","703","3319","2003-06-02 00:00:00.000","1"
"Bryan","703","4408","2005-04-06 00:00:00.000","1"
"Bryan","703","4927","2010-08-16 00:00:00.000","1"
"Bryan","704","3490","2001-08-13 00:00:00.000","1"
"Bryan","704","1494","2003-06-09 00:00:00.000","1"
"Bryan","704","4529","2005-04-06 00:00:00.000","1"
"Bryan","704","4579","2010-08-16 00:00:00.000","1"
"Bryan","705","6943","1999-08-23 00:00:00.000","1"
"Bryan","705","1779","2001-08-13 00:00:00.000","1"
"Bryan","705","6750","2003-10-05 00:00:00.000","1"
"Bryan","705","7653","2005-04-13 00:00:00.000","1"
"Bryan","705","13398","2010-08-16 00:00:00.000","1"
"Bryan","706","1911","1999-08-23 00:00:00.000","1"
"Bryan","706","1762","2001-08-13 00:00:00.000","1"
"Bryan","706","1998","2003-06-09 00:00:00.000","1"
"Bryan","706","2463","2005-04-13 00:00:00.000","1"
"Bryan","706","2105","2010-08-16 00:00:00.000","1"
"Bryan","707","814","1999-08-23 00:00:00.000","1"
"Bryan","707","399","2001-08-13 00:00:00.000","1"
"Bryan","707","527","2003-06-09 00:00:00.000","1"
"Bryan","707","692","2005-04-13 00:00:00.000","1"
"Bryan","707","375","2010-08-23 00:00:00.000","1"
"Bryan","708","8491","1999-08-23 00:00:00.000","1"
"Bryan","708","8968","2001-08-13 00:00:00.000","1"
"Bryan","708","8471","2003-06-09 00:00:00.000","1"
"Bryan","708","8196","2005-04-13 00:00:00.000","1"
"Bryan","708","9007","2010-08-16 00:00:00.000","1"
"Bryan","709","7460","1999-08-16 00:00:00.000","1"
"Bryan","709","7784","2001-08-13 00:00:00.000","1"
"Bryan","709","10951","2003-06-09 00:00:00.000","1"
"Bryan","709","7649","2005-04-06 00:00:00.000","1"
"Bryan","709","8021","2010-08-16 00:00:00.000","1"
"Bryan","710","10993","1999-08-16 00:00:00.000","1"
"Bryan","710","11193","2001-08-13 00:00:00.000","1"
"Bryan","710","12473","2003-06-09 00:00:00.000","1"
"Bryan","710","10934","2005-11-01 00:00:00.000","1"
"Bryan","710","12775","2010-08-16 00:00:00.000","1"
"Bryan","711","8653","1999-08-16 00:00:00.000","1"
"Bryan","711","8793","2001-08-13 00:00:00.000","1"
"Bryan","711","13591","2003-06-09 00:00:00.000","1"
"Bryan","711","10521","2005-04-06 00:00:00.000","1"
"Bryan","711","15516","2010-08-16 00:00:00.000","1"
"Bryan","715","9288","1999-08-23 00:00:00.000","1"
"Bryan","715","9936","2001-08-13 00:00:00.000","1"
"Bryan","715","10945","2003-06-09 00:00:00.000","1"
"Bryan","715","9980","2005-04-13 00:00:00.000","1"
"Bryan","715","9697","2010-08-16 00:00:00.000","1"
"Bryan","716","8346","1999-08-23 00:00:00.000","1"
"Bryan","716","9056","2001-08-13 00:00:00.000","1"
"Bryan","716","8844","2003-06-09 00:00:00.000","1"
"Bryan","716","10942","2005-04-13 00:00:00.000","1"
"Bryan","716","13269","2010-08-16 00:00:00.000","1"
"Bryan","717","2573","1999-08-23 00:00:00.000","1"
"Bryan","717","2398","2001-08-13 00:00:00.000","1"
"Bryan","717","2059","2003-06-09 00:00:00.000","1"
"Bryan","717","2980","2005-04-13 00:00:00.000","1"
"Bryan","717","2053","2010-08-16 00:00:00.000","1"
"Bryan","719","3414","1999-03-29 00:00:00.000","1"
"Bryan","719","2794","2001-08-13 00:00:00.000","1"
"Bryan","719","2338","2003-06-09 00:00:00.000","1"
"Bryan","719","2881","2005-04-13 00:00:00.000","1"
"Bryan","719","2971","2010-08-16 00:00:00.000","1"
"Bryan","720","972","2001-08-13 00:00:00.000","1"
"Bryan","720","1850","2003-10-05 00:00:00.000","1"
"Bryan","720","1042","2005-04-13 00:00:00.000","1"
"Bryan","720","1350","2010-08-23 00:00:00.000","1"
"Bryan","721","2241","1999-08-23 00:00:00.000","1"
"Bryan","721","2099","2001-08-13 00:00:00.000","1"
"Bryan","721","1374","2003-06-09 00:00:00.000","1"
"Bryan","721","2622","2005-04-13 00:00:00.000","1"
"Bryan","721","1638","2010-08-16 00:00:00.000","1"
"Bryan","722","4683","1999-08-23 00:00:00.000","1"
"Bryan","722","3692","2001-08-13 00:00:00.000","1"
"Bryan","722","3524","2003-06-09 00:00:00.000","1"
"Bryan","722","3243","2005-04-13 00:00:00.000","1"
"Bryan","722","2786","2010-08-16 00:00:00.000","1"
"Bryan","723","2573","1999-08-23 00:00:00.000","1"
"Bryan","723","2391","2001-08-13 00:00:00.000","1"
"Bryan","723","2277","2003-10-05 00:00:00.000","1"
"Bryan","723","2281","2005-04-13 00:00:00.000","1"
"Bryan","723","1971","2010-08-16 00:00:00.000","1"
"Bryan","725","621","1999-08-23 00:00:00.000","1"
"Bryan","725","573","2001-08-15 00:00:00.000","1"
"Bryan","725","725","2003-06-09 00:00:00.000","1"
"Bryan","725","568","2005-04-13 00:00:00.000","1"
"Bryan","725","539","2010-08-23 00:00:00.000","1"
"Bryan","727","3417","1999-08-23 00:00:00.000","1"
"Bryan","727","3463","2001-08-13 00:00:00.000","1"
"Bryan","727","3517","2003-10-05 00:00:00.000","1"
"Bryan","727","2961","2005-04-13 00:00:00.000","1"
"Bryan","727","2458","2010-08-23 00:00:00.000","1"
"Bryan","728","1399","1999-08-23 00:00:00.000","1"
"Bryan","728","762","2001-08-13 00:00:00.000","1"
"Bryan","728","1463","2003-06-09 00:00:00.000","1"
"Bryan","728","650","2005-04-04 00:00:00.000","1"
"Bryan","728","1652","2010-08-16 00:00:00.000","1"
"Bryan","728","482","2010-08-23 00:00:00.000","1"
"Bryan","729","399","1999-08-18 00:00:00.000","1"
"Bryan","729","168","2001-08-08 00:00:00.000","1"
"Bryan","729","427","2003-10-05 00:00:00.000","1"
"Bryan","729","223","2005-04-04 00:00:00.000","1"
"Bryan","729","227","2010-08-23 00:00:00.000","1"
"Bryan","730","869","1999-07-18 00:00:00.000","1"
"Bryan","730","659","2001-08-13 00:00:00.000","1"
"Bryan","730","884","2003-06-02 00:00:00.000","1"
"Bryan","730","757","2005-04-04 00:00:00.000","1"
"Bryan","730","351","2010-08-23 00:00:00.000","-1"
"Bryan","731","796","1999-07-18 00:00:00.000","1"
"Bryan","731","603","2001-08-08 00:00:00.000","1"
"Bryan","731","747","2003-06-02 00:00:00.000","1"
"Bryan","731","594","2005-04-04 00:00:00.000","1"
"Bryan","731","313","2010-08-23 00:00:00.000","1"
"Bryan","733","1367","1999-07-18 00:00:00.000","1"
"Bryan","733","1207","2001-08-15 00:00:00.000","1"
"Bryan","733","1432","2003-06-04 00:00:00.000","1"
"Bryan","733","1322","2005-04-13 00:00:00.000","1"
"Bryan","733","492","2010-08-23 00:00:00.000","1"
"Bryan","734","2995","1999-07-18 00:00:00.000","1"
"Bryan","734","2827","2001-08-15 00:00:00.000","1"
"Bryan","734","3211","2003-06-04 00:00:00.000","1"
"Bryan","734","2602","2005-04-13 00:00:00.000","1"
"Bryan","734","2784","2010-08-23 00:00:00.000","1"
"Bryan","735","1416","1999-08-23 00:00:00.000","1"
"Bryan","735","2487","2001-08-15 00:00:00.000","1"
"Bryan","735","1885","2003-10-05 00:00:00.000","1"
"Bryan","735","2170","2005-04-13 00:00:00.000","1"
"Bryan","735","997","2010-08-23 00:00:00.000","-1"
"Bryan","771","10993","1999-08-16 00:00:00.000","-1"
"Bryan","771","2487","2001-08-15 00:00:00.000","1"
"Bryan","771","2822","2003-06-09 00:00:00.000","1"
"Bryan","771","3593","2005-04-06 00:00:00.000","1"
"Bryan","771","3559","2010-08-23 00:00:00.000","1"
"Bryan","772","1943","1999-08-18 00:00:00.000","1"
"Bryan","772","1291","2003-06-02 00:00:00.000","1"
"Bryan","772","1817","2005-04-04 00:00:00.000","1"
"Bryan","772","1887","2010-08-18 00:00:00.000","1"
"Bryan","773","1184","1999-08-18 00:00:00.000","-1"
"Bryan","773","3265","2003-10-05 00:00:00.000","1"
"Bryan","773","4317","2005-04-04 00:00:00.000","1"
"Bryan","773","3897","2010-08-18 00:00:00.000","1"
"Bryan","774","1444","1999-08-18 00:00:00.000","1"
"Bryan","774","1475","2003-06-02 00:00:00.000","1"
"Bryan","774","1517","2005-04-04 00:00:00.000","1"
"Bryan","774","1782","2010-08-18 00:00:00.000","1"
"Bryan","775","977","1999-08-16 00:00:00.000","1"
"Bryan","775","1321","2003-10-05 00:00:00.000","1"
"Bryan","775","1349","2005-04-04 00:00:00.000","1"
"Bryan","775","1694","2010-08-18 00:00:00.000","1"
"Bryan","776","246","1999-08-18 00:00:00.000","1"
"Bryan","776","386","2003-06-02 00:00:00.000","1"
"Bryan","776","232","2005-04-04 00:00:00.000","1"
"Bryan","776","97","2010-08-18 00:00:00.000","-1"
"Bryan","777","465","1999-08-18 00:00:00.000","1"
"Bryan","777","894","2003-06-02 00:00:00.000","1"
"Bryan","777","765","2005-04-04 00:00:00.000","1"
"Bryan","777","0","2010-08-18 00:00:00.000","-1"
"Bryan","778","128","1999-08-16 00:00:00.000","1"
"Bryan","778","84","2001-08-08 00:00:00.000","1"
"Bryan","778","137","2003-06-02 00:00:00.000","1"
"Bryan","778","101","2005-04-04 00:00:00.000","1"
"Bryan","778","121","2010-08-25 00:00:00.000","1"
"Bryan","779","124","1999-08-16 00:00:00.000","1"
"Bryan","779","82","2001-08-08 00:00:00.000","1"
"Bryan","779","133","2003-06-02 00:00:00.000","1"
"Bryan","779","105","2005-04-04 00:00:00.000","1"
"Bryan","779","121","2010-08-25 00:00:00.000","1"
"Bryan","780","1550","1999-08-16 00:00:00.000","1"
"Bryan","780","1611","2001-08-08 00:00:00.000","1"
"Bryan","780","1503","2003-10-05 00:00:00.000","1"
"Bryan","780","1919","2005-04-04 00:00:00.000","1"
"Bryan","780","1408","2010-08-25 00:00:00.000","1"
"Bryan","781","1418","1999-08-18 00:00:00.000","-1"
"Bryan","781","193","2001-08-08 00:00:00.000","1"
"Bryan","781","195","2003-10-05 00:00:00.000","1"
"Bryan","781","150","2005-04-04 00:00:00.000","1"
"Bryan","781","155","2010-08-23 00:00:00.000","1"
"Bryan","782","459","1999-08-18 00:00:00.000","1"
"Bryan","782","719","2001-08-08 00:00:00.000","1"
"Bryan","782","628","2003-06-02 00:00:00.000","1"
"Bryan","782","768","2005-04-04 00:00:00.000","1"
"Bryan","782","1174","2010-08-23 00:00:00.000","1"
"Bryan","785","2017","1999-08-16 00:00:00.000","1"
"Bryan","785","2112","2003-06-04 00:00:00.000","1"
"Bryan","785","2888","2005-04-04 00:00:00.000","1"
"Bryan","785","2886","2010-08-16 00:00:00.000","1"
"Bryan","786","1599","1999-08-16 00:00:00.000","1"
"Bryan","786","1648","2001-08-13 00:00:00.000","1"
"Bryan","786","1805","2003-06-02 00:00:00.000","1"
"Bryan","786","1721","2005-11-01 00:00:00.000","1"
"Bryan","786","1733","2010-08-23 00:00:00.000","1"
"Bryan","787","6065","1999-08-18 00:00:00.000","1"
"Bryan","787","5339","2001-08-13 00:00:00.000","1"
"Bryan","787","5827","2003-06-02 00:00:00.000","1"
"Bryan","787","5601","2005-04-06 00:00:00.000","1"
"Bryan","787","5678","2010-08-23 00:00:00.000","1"
"Bryan","788","2991","1999-08-16 00:00:00.000","1"
"Bryan","788","1803","2001-08-13 00:00:00.000","1"
"Bryan","788","2477","2003-06-04 00:00:00.000","1"
"Bryan","788","3068","2005-04-04 00:00:00.000","1"
"Bryan","788","3641","2010-08-16 00:00:00.000","1"
"Bryan","789","5603","1999-08-16 00:00:00.000","1"
"Bryan","789","5009","2001-08-13 00:00:00.000","1"
"Bryan","789","10010","2003-10-05 00:00:00.000","1"
"Bryan","789","9011","2005-11-01 00:00:00.000","1"
"Bryan","789","11701","2010-08-16 00:00:00.000","1"
"Bryan","790","6378","2010-08-25 00:00:00.000","1"
"Bryan","791","1635","2010-08-25 00:00:00.000","1"
"Bryan","792","2095","2010-08-16 00:00:00.000","1"
"Bryan","793","6255","2010-08-25 00:00:00.000","1"
"Bryan","794","9155","2010-08-25 00:00:00.000","1"
"Bryan","795","902","2010-08-23 00:00:00.000","1"
"Bryan","796","1763","2010-08-23 00:00:00.000","1"
"Bryan","797","2168","2010-08-18 00:00:00.000","1"
"Bryan","798","6750","2010-08-18 00:00:00.000","1"
"Bryan","799","738","2010-08-18 00:00:00.000","1"
"Bryan","8","3823","2007-04-02 00:00:00.000","1"
"Bryan","8","3602","2007-08-06 00:00:00.000","1"
"Bryan","8","3879","2007-12-11 00:00:00.000","1"
"Bryan","8","3350","2010-04-19 00:00:00.000","1"
"Bryan","8","3664","2010-08-02 00:00:00.000","1"
"Bryan","8","3446","2013-02-04 00:00:00.000","1"
"Bryan","8","3662","2013-07-22 00:00:00.000","1"
"Bryan","8","3662","2013-07-22 00:00:00.000","-1"
"Bryan","8","1184","2013-11-21 00:00:00.000","-1"
"Bryan","800","4037","2010-08-25 00:00:00.000","1"
"Bryan","801","1406","2010-08-23 00:00:00.000","1"
"Bryan","802","11157","2011-03-28 00:00:00.000","1"
"Bryan","803","954","2010-08-16 00:00:00.000","1"
"Bryan","803","1481","2010-08-16 00:00:00.000","1"
"Bryan","804","791","2010-08-23 00:00:00.000","1"
"Bryan","805","1004","2010-08-25 00:00:00.000","1"
"Bryan","9","1228","2007-04-02 00:00:00.000","1"
"Bryan","9","183","2007-08-06 00:00:00.000","-1"
"Bryan","9","1453","2007-12-11 00:00:00.000","1"
"Bryan","9","1034","2010-04-19 00:00:00.000","1"
"Bryan","9","1155","2010-08-02 00:00:00.000","1"
"Bryan","9","1230","2013-02-04 00:00:00.000","1"
"Bryan","9","1348","2013-07-22 00:00:00.000","1"
"Bryan","9","3984","2013-11-21 00:00:00.000","-1"
